Name,Likes,Date
2018-01-11 08.40.21 1689710599711687402_5697152,320799,11.01.2018
2018-01-12 13.08.51 1690570511178118394_5697152,307599,12.01.2018
2018-01-13 11.16.49 1691238901605481221_5697152,353831,13.01.2018
2018-01-14 18.07.18 1692170275212603001_5697152,259772,14.01.2018
2018-01-15 19.20.50 1692932065785659344_5697152,296042,15.01.2018
2018-01-17 15.38.54 1694269918176294447_5697152,365223,17.01.2018
2018-01-18 15.53.30 1695002041019352513_5697152,307199,18.01.2018
2018-01-24 17.19.37 1699394039286019743_5697152,337757,25.01.2018
2018-01-29 19.57.53 1703097570374871767_5697152,344746,29.01.2018
2018-02-15 02.00.02 1714876259496205852_5697152,224852,15.02.2018
2018-02-15 11.44.28 1715170412603930101_5697152,222478,15.02.2018
2018-02-15 11.44.28 1715170412603930101_5697152,344315,15.02.2018
2018-02-15 18.29.39 1715374350276125434_5697152,265244,15.02.2018
2018-02-17 19.20.23 1716849436745106684_5697152,325193,17.02.2018
2018-02-20 15.38.19 1718911995006472748_5697152,322468,20.02.2018
2018-02-22 18.00.34 1720433144186048105_5697152,310931,22.02.2018
2018-02-22 19.27.39 1720476976634320122_5697152,395925,22.02.2018
2018-02-25 18.08.58 1722611699389269968_5697152,373242,25.02.2018
2018-03-01 20.48.28 1725591083767069334_5697152,279814,01.03.2018
2018-03-02 15.20.47 1726150928727663864_5697152,214179,02.03.2018
2018-03-05 19.15.46 1728443524405615605_5697152,148234,05.03.2018
2018-03-07 18.53.34 1729881906923059743_5697152,190253,07.03.2018
2018-03-09 09.25.12 1731045390696309865_5697152,339856,09.03.2018
2018-03-09 20.51.32 1731390832315330057_5697152,277385,09.03.2018
2018-03-10 17.06.10 1732002173765914012_5697152,226312,10.03.2018
2018-03-13 18.44.04 1734225778486683714_5697152,309407,13.03.2018
2018-03-17 16.25.10 1737054970676816632_5697152,292836,17.03.2018
2018-03-17 18.07.30 1737106473173308519_5697152,261461,17.03.2018
2018-03-20 14.37.57 1739175333678337867_5697152,224434,20.03.2018
2018-03-20 15.15.46 1739194367161546833_5697152,262000,20.03.2018
2018-03-21 08.15.16 1739707494152021457_5697152,266707,21.03.2018
2018-03-23 11.58.42 1741269504350362836_5697152,265045,23.03.2018
2018-03-24 11.52.58 1741991395801367910_5697152,278925,24.03.2018
2018-04-07 14.35.10 1752219892083850255_5697152,253267,07.04.2018
2018-04-10 19.39.00 1754547148206570616_5697152,264316,10.04.2018
2018-04-12 08.08.35 1755649203352446397_5697152,249920,12.04.2018
2018-04-13 20.40.18 1756752325084918735_5697152,189228,13.04.2018
2018-04-16 10.27.25 1758618170279988567_5697152,251318,16.04.2018
2018-04-16 16.10.12 1758790704928414513_5697152,207064,16.04.2018
2018-04-16 17.59.19 1758845624541032094_5697152,234313,16.04.2018
2018-04-16 22.01.48 1758967672756117795_5697152,226088,16.04.2018
2018-04-19 13.41.47 1760890335602911816_5697152,255457,19.04.2018
2018-04-21 11.58.00 1762287647898202208_5697152,168465,21.04.2018
2018-04-24 18.37.01 1764662813223515425_5697152,148987,24.04.2018
2018-04-21 19.01.20 1762500720789338893_5697152,201293,21.04.2018
2018-04-24 18.41.31 1764665071797498616_5697152,164433,24.04.2018
2018-04-24 21.39.06 1764754450989468928_5697152,147591,24.04.2018
2018-04-26 21.57.05 1766213057123814187_5697152,228160,26.04.2018
2018-05-20 20.26.09 1783561902753220789_5697152,232930,20.05.2018
2018-05-21 13.16.10 1784070268948666321_5697152,181666,21.05.2018
2018-05-26 13.06.20 1787689197025877642_5697152,146832,26.05.2018
2018-05-27 08.38.47 1788279310122267520_5697152,258336,27.05.2018
2018-06-01 20.03.12 1792247663954444903_5697152,168477,01.06.2018
2018-06-02 09.53.01 1792665321270967780_5697152,209434,02.06.2018
2018-06-05 22.12.18 1795211748836774497_5697152,245398,05.06.2018
2018-06-09 13.24.58 1797845428931576454_5697152,311685,09.06.2018
2018-06-09 18.17.54 1797992868766733642_5697152,184123,09.06.2018
2018-06-09 19.04.56 1798016547852404710_5697152,314723,09.06.2018
2018-06-15 16.17.20 1802280846230019215_5697152,243112,15.06.2018
2018-06-20 14.21.37 1805846480356183494_5697152,241804,20.06.2018
2018-06-29 08.40.29 1812197761165452908_5697152,245839,29.06.2018
2018-06-29 19.27.58 1812523654970825555_5697152,161398,29.06.2018
2018-07-02 19.08.38 1814688247537018831_5697152,326846,02.07.2018
2018-07-29 11.32.07 1834027419850763945_5697152,421728,29.07.2018
2018-08-11 20.10.03 1843710190994967424_5697152,231701,11.08.2018
2018-08-26 07.27.45 1854198143139563720_5697152,300800,26.08.2018
2018-08-29 06.43.45 1856350326152883621_5697152,174247,29.08.2018
2018-09-01 19.25.54 1858908255934559357_5697152,206157,01.09.2018
2018-09-03 17.13.55 1860291383462744138_5697152,203058,03.09.2018
2018-09-11 16.51.13 1866078164783393155_5697152,175800,11.09.2018
2018-09-11 19.37.54 1866162055099761702_5697152,230102,11.09.2018
2018-09-20 13.09.59 1872489793574006490_5697152,175932,20.09.2018
2018-09-21 18.19.46 1873370490459330958_5697152,138703,21.09.2018
2018-09-21 18.53.36 1873387517471195001_5697152,203844,21.09.2018
2018-09-23 13.59.14 1874688910924454693_5697152,201167,23.09.2018
2018-09-24 06.54.45 1875200034254289256_5697152,155556,24.09.2018
2018-09-25 15.55.17 1876196867516459468_5697152,170175,25.09.2018
2018-09-28 08.37.47 1878150994907875010_5697152,195464,28.09.2018
2018-10-12 19.17.05 1888619626469177822_5697152,262438,12.10.2018
2018-10-20 18.32.03 1894395164941012250_5697152,275990,20.10.2018
2018-12-30 19.20.17 1945878516165051662_5697152,253168,30.12.2018
2018-12-28 18.29.56 1944403629479279907_5697152,208256,28.12.2018
2019-01-05 17.31.04 1950172202738793822_5697152,274486,05.01.2019
2019-01-07 13.11.41 1951491203997634681_5697152,268753,07.01.2019
2019-01-16 14.44.29 1958060894622952147_5697152,156050,16.01.2019
2019-01-20 14.34.18 1960954867670618430_5697152,220020,20.01.2019
2019-01-27 17.16.24 1966109882915960882_5697152,213281,27.01.2019
2019-01-31 15.29.24 1968955138938069884_5697152,165512,31.01.2019
2019-02-14 19.55.13 1979235782154982888_5697152,161626,14.02.2019
2019-02-28 11.11.43 1989119161935468656_5697152,113107,28.02.2019
2019-03-04 14.13.26 1992109724997685998_5697152,218125,04.03.2019
2017-12-30 22.58.19 1681445119339227925_5697152,367592,30.12.2017
2017-12-25 14.10.39 1677555656129031062_5697152,316056,25.12.2017
2017-12-19 17.20.49 1673302715096929941_5697152,267562,19.12.2017
2017-12-24 12.03.23 1676766822931940553_5697152,253778,24.12.2017
2017-12-02 17.43.29 1660992934965557295_5697152,288047,02.12.2017
2017-12-01 17.48.35 1660270724999145870_5697152,263156,27.11.2017
2017-11-27 13.45.16 1657249161861330949_5697152,314898,27.11.2017
2017-11-21 17.36.21 1653016808561471960_5697152,392531,21.11.2017
2017-11-21 14.56.00 1652936104557344917_5697152,296982,21.11.2017
2017-11-17 14.59.08 1650038579336777778_5697152,269683,17.11.2017
2017-11-16 11.32.56 1649210020015676899_5697152,336921,16.11.2017
2017-11-14 14.38.24 1647853817520094737_5697152,341215,14.11.2107
2017-11-12 13.39.24 1646374572172185752_5697152,264952,12.11.2107
2017-11-05 13.23.48 1641293289603601262_5697152,325906,05.11.2017
2017-11-04 00.02.41 1640165296781017603_5697152,298699,04.11.2017
2017-11-03 23.44.08 1640155957324237477_5697152,370045,03.11.2017
2017-11-01 22.51.40 1638680004060455686_5697152,341336,01.11.2017
2017-10-31 22.49.35 1637954178260129985_5697152,324683,31.10.2017
2017-10-28 17.25.00 1635616477842126788_5697152,339006,28.10.2017
2017-10-28 13.41.56 1635504206256152823_5697152,273787,28.10.2017
2017-10-25 17.44.19 1633451881199021254_5697152,334827,25.10.2017
2017-10-24 16.45.13 1632697358029324006_5697152,238807,24.10.2017
2017-10-23 14.44.39 1631911896574419500_5697152,330652,23.10.2017
2017-10-22 12.59.30 1631134193726264822_5697152,210687,22.10.2017
2017-10-18 13.45.26 1628258209528485133_5697152,363407,18.10.2017
2017-10-10 13.53.28 1622464048774627306_5697152,288476,10.10.2017
2017-10-07 22.12.16 1620540773785930307_5697152,232165,07.10.2017
2017-10-07 20.48.02 1620498385017366902_5697152,290130,07.10.2017
2017-10-06 18.00.45 1619689405479292948_5697152,239291,07.10.2017
2017-10-02 11.45.28 1616601417635572055_5697152,335409,02.10.2017
2017-09-27 13.01.26 1613015775580125026_5697152,267687,27.09.2017
2017-09-27 11.33.02 1612971284148049469_5697152,272511,27.09.2017
2017-09-25 19.57.12 1611775491676479493_5697152,347939,25.09.2017
2017-09-24 09.49.17 1610744735344642471_5697152,334442,24.09.2017
2017-09-18 21.14.38 1606741027120249563_5697152,220598,18.09.2017
2017-09-12 16.43.38 1602255978094280728_5697152,345783,12.09.2017
2017-09-05 22.34.37 1597359206985223743_5697152,298640,05.09.2017
2017-09-05 15.49.15 1597155176619015194_5697152,286225,05.09.2017
2017-09-03 11.03.50 1595561967434542663_5697152,404418,03.09.2017
2017-09-01 19.49.28 1594376980588764148_5697152,253211,01.09.2017
2017-08-31 15.05.37 1593509336243438367_5697152,263805,31.08.2017
2017-08-30 17.03.11 1592843736403818107_5697152,324183,30.08.2017
2017-08-30 15.42.15 1592803001046611867_5697152,359016,30.08.2017
2017-08-25 22.18.25 1589378518923087729_5697152,312953,25.08.2017
2017-08-23 19.47.11 1587852849995205664_5697152,306558,23.08.2017
2017-08-09 14.46.13 1577554507469701161_5697152,353655,09.08.2017
2017-08-02 06.31.07 1572231879213380038_5697152,308938,02.08.2017
2017-08-01 01.31.02 1571356066972581083_5697152,249497,01.08.2017
2017-08-01 01.15.17 1571348140408974424_5697152,285725,01.08.2017
2017-07-31 23.26.51 1571293568135289955_5697152,289101,31.07.2017
2017-07-25 19.42.03 1566831770946377567_5697152,280828,25.07.2017
2017-07-19 09.35.12 1562177670749261694_5697152,320286,19.07.2017
2017-07-15 05.32.21 1559156345193447050_5697152,359672,15.07.2017
2017-07-07 03.33.38 1553298384017672057_5697152,314749,07.07.2017
2017-07-05 21.26.55 1552389035866765182_5697152,299499,05.07.2017
2017-07-03 08.26.58 1550546919310162159_5697152,279328,03.07.2017
2017-06-25 16.35.31 1544994612409477932_5697152,245154,25.06.2017
2017-06-24 16.21.54 1544262981541298079_5697152,321112,24.06.2017